episode,episode_reward,step
0.0,5.690387132090224,0
100.0,2.72061109157637,100000
200.0,4.860045166336581,200000
300.0,6.720239366967332,300000
400.0,6.444147656805853,400000
500.0,9.702863026807584,500000
