episode,episode_reward,step
0.0,0.4408671977455468,0
100.0,19.663670899221415,100000
200.0,17.596272303916304,200000
300.0,289.68916921725673,300000
400.0,498.6508614312735,400000
500.0,538.3076283776568,500000
