episode,episode_reward,step
0.0,0.44076711197918356,0
100.0,79.86314154749938,100000
200.0,14.504664103093258,200000
300.0,22.179513304324736,300000
400.0,3.6603510007710134,400000
500.0,10.617070631089721,500000
600.0,487.74458269736533,600000
700.0,569.8447066177334,700000
800.0,557.6774606114195,800000
900.0,683.2587169265381,900000
1000.0,715.4833500190276,1000000
