episode,episode_reward,step
0.0,0.44073026915633273,0
100.0,2.5532297537274475,100000
200.0,15.954759155040236,200000
300.0,314.08178330104687,300000
400.0,445.0322366792872,400000
500.0,454.36358506220296,500000
